url,impr_90d,clicks_90d,pos_90d,impr_prev90d,clicks_prev90d,pos_prev90d,impr_16m,clicks_16m,pos_16m
/what-is-the-difference-between-tummy-tuck-and-liposuction,2,0,5.0,6,0,38.3,94,1,37.0
/what-is-j-plasma-lipo,5,0,28.6,84,0,11.3,674,0,18.2
/how-old-do-you-have-to-be-to-get-liposuction,2679,3,8.0,9653,6,5.2,44442,87,4.8
/how-to-get-rid-of-fibrosis-after-lipo,12024,134,8.2,30374,258,6.0,205210,2351,5.0
/how-many-times-can-you-get-liposuction,7614,55,5.7,14215,76,4.9,78664,568,3.8
/how-to-reduce-swelling-after-liposuction,6159,25,7.4,12831,41,5.2,53769,203,5.8
/what-to-eat-after-liposuction,6357,1,13.1,9803,25,12.6,35580,87,9.6
/how-to-fix-uneven-liposuction,7280,71,8.5,10012,69,6.5,41158,402,6.7
/how-long-after-lipo-can-i-workout,4918,20,9.5,9865,13,7.8,67690,166,6.3
/how-long-does-it-take-to-recover-from-chin-lipo,5229,14,11.0,9693,16,8.7,67702,197,6.7
/how-to-maintain-liposuction-results,29,0,28.7,39,0,20.8,253,0,18.5
/how-many-massages-after-lipo-360,15132,251,4.4,26700,369,4.3,125902,1398,5.6
/when-to-start-lymphatic-massage-after-lipo,7596,45,9.5,21061,118,6.0,135694,666,6.6
/how-to-sleep-after-liposuction,8024,52,7.1,15893,75,5.4,49508,289,4.6
/what-areas-does-lipo-360-cover,3655,34,7.6,5242,26,6.6,32455,144,7.2
/how-to-get-rid-of-bruising-after-liposuction,4593,28,8.6,9134,35,6.5,44923,209,5.2
/what-is-lipo-foam,16457,114,5.1,26617,174,4.1,104689,682,3.6
/how-to-reduce-itching-after-lipo,21553,295,5.0,33896,423,3.9,189773,2344,3.5
/how-to-feed-the-fat-after-bbl,13024,128,5.4,18178,141,5.2,70494,632,5.0
/how-to-sleep-after-bbl,10846,85,5.5,16835,100,7.2,85007,518,6.0
/how-many-massages-after-bbl,14194,294,5.1,20208,378,4.1,88648,1268,4.1
/blog/tummy-tuck-vs-liposuction,1436,8,6.4,1408,9,7.0,3230,18,6.8
/blog/liposuction-miami-post-pregnancy-guide,91,0,17.8,12,0,11.3,116,0,16.0
/blog/liposuction-candidate-miami,60,0,34.7,117,0,11.6,177,0,19.4
/blog/liposuction-miami-moms-tips,1,0,19.0,75,0,13.0,83,0,12.6
/blog/liposuction-recovery-time-miami,428,0,14.4,543,0,21.9,1014,0,18.1
/blog/liposuction-vs-breast-augmentation-miami,201,0,17.1,192,0,13.7,404,0,15.1
/blog/liposuction-recovery-ozempic-miami,796,2,12.3,226,0,10.4,1251,2,10.9
/blog/affordable-plastic-surgery-miami,14132,55,16.2,23247,79,12.6,39985,147,13.7
/blog/tummy-tuck-vs-bbl-miami,4839,11,7.8,6210,11,7.9,12429,25,7.7
/procedures/liposuction-miami,3946,0,62.3,2993,0,64.2,29687,16,47.7
